amazon-order-id	merchant-order-id	purchase-date	last-updated-date	order-status	fulfillment-channel	sales-channel	order-channel	ship-service-level	product-name	sku	asin	item-status	quantity	currency	item-price	item-tax	shipping-price	shipping-tax	gift-wrap-price	gift-wrap-tax	item-promotion-discount	ship-promotion-discount	ship-city	ship-state	ship-postal-code	ship-country	promotion-ids
404-7039650-6133964	404-7039650-6133964	2025-01-27T19:51:58+00:00	2025-01-27T23:28:47+00:00	Cancelled	Amazon	Amazon.ae		NextDay	Crucial BX500 SSD 500GB 3D NAND SATA Internal Solid State Drive 2.5 inch black/blue- CT500BX500SSD1	CT500BX500SSD1	B0B9BL9T4H	Cancelled	0										Sharjah			AE	
402-6257919-6840359	402-6257919-6840359	2025-01-27T15:21:39+00:00	2025-01-27T22:59:25+00:00	Shipped	Amazon	Amazon.ae		Standard	Samsung SSD 970 Evo Plus M.2 NVMe RetailVersion 2TB	MZ-V7S2T0BW	B07MLJD32L	Shipped	1	AED	622.0		5.86					5.86	Al-Buraimi	Buraymi	512	OM	
403-9816004-1219567	403-9816004-1219567	2025-01-27T15:16:53+00:00	2025-01-27T22:50:25+00:00	Shipped	Amazon	Amazon.ae		Expedited	Lexar SODIMM DDR4 RAM 8GB 3200 MHz, 260-Pin SODIMM Laptop Memory, High Performance SO-DIMM, PC Laptop Computer Memory (LD4AS008G-B3200GSST)	LD4AS008G-B3200GSST	B09CMX639M	Shipped	1	AED	53.99		1.5					1.5	Dubai			AE	
403-8555862-2449914	403-8555862-2449914	2025-01-27T19:06:12+00:00	2025-01-27T22:38:49+00:00	Shipped	Amazon	Amazon.ae		Expedited	Hikvision 2.5 Inch Internal Ssd 512Gb, Sata 6Gb/S, Up To 550Mb/S E100 Solid State Disks 3D Nand Tlc	HS-SSD-E100-(STD)-512G	B086F2XBXR	Shipped	2	AED	198.0		1.2					1.2	Dubai			AE	
403-8555862-2449914	403-8555862-2449914	2025-01-27T19:06:12+00:00	2025-01-27T22:38:49+00:00	Shipped	Amazon	Amazon.ae		Expedited	Hikvision 2.5 Inch Internal Ssd 256Gb, Sata 6Gb/S, Up To 550Mb/S E100 Solid State Disks 3D Nand Tlc	HS-SSD-E100-(STD)-256G	B086F4ZY8L	Shipped	1	AED	62.0		0.6					0.6	Dubai			AE	
403-8555862-2449914	403-8555862-2449914	2025-01-27T19:06:12+00:00	2025-01-27T22:38:49+00:00	Shipped	Amazon	Amazon.ae		Expedited	Crucial Basics 8GB DDR4 3200MT/s CL22 SODIMM 260-pin 1.2V Laptop Memory	CB8GS3200	B0CWLSP9FG	Shipped	2	AED	124.0		1.2					1.2	Dubai			AE	
408-3358509-5828313	408-3358509-5828313	2025-01-27T20:31:30+00:00	2025-01-27T22:37:25+00:00	Shipped	Amazon	Amazon.ae		Expedited	Kingston Canvas Select Plus microSDXC Karta pamici 128 GB A1 Class 10 UHSI U1 V10 100 MBs z adapterem	SDCS2/128GB	B07YGZ7JD5	Shipped	1	AED	39.0		1.5					1.5	Dubai			AE	
407-0133404-0017122	407-0133404-0017122	2025-01-27T09:10:50+00:00	2025-01-27T22:33:29+00:00	Shipped	Amazon	Amazon.ae		Expedited	Sandisk 16GB Cruzer Blade USB Flash Drive	SDCZ50-016G-B35-D	B004W6O4Q4	Shipped	2	AED	46.0		1.2					1.2	Dubai			AE	
405-3950196-2073112	405-3950196-2073112	2025-01-27T18:58:13+00:00	2025-01-27T22:31:47+00:00	Shipped	Amazon	Amazon.ae		NextDay	Toshiba Canvio Advance 4TB Portable External Hard Drive USB 3.2 Gen1, Red - HDTCA40ER3CA	HDTCA40ER3CA	B08L17KCDK	Shipped	1	AED	399.0								Al Ain			AE	
404-1243560-3824369	404-1243560-3824369	2025-01-27T17:22:59+00:00	2025-01-27T22:30:49+00:00	Shipped	Amazon	Amazon.ae		Expedited	Seagate Expansion Portable, 1TB, External Hard Drive, 2.5 Inch, USB 3.0, for Mac and PC (STKM1000400)	STKM1000400	B08ZJDWTJ1	Shipped	1	AED	185.0		1.5					1.5	Sharjah			AE	
171-7024802-5815532	171-7024802-5815532	2025-01-27T19:55:30+00:00	2025-01-27T22:29:32+00:00	Shipped	Amazon	Amazon.ae		NextDay	SanDisk 1TB Portable SSD - Up to 550MB/s, USB-C, USB 3.2 Gen 2 - SDSSDE30-1T00-G25	SDSSDE30-1T00-G25	B08RSH8YDJ	Shipped	1	AED	250.0								Ajman			AE	
402-0510747-9953107	402-0510747-9953107	2025-01-27T19:29:01+00:00	2025-01-27T22:27:47+00:00	Shipped	Amazon	Amazon.ae		NextDay	Lexar Internal NM620 M.2 2280 PCIe Gen3x4 NVMe Solid State Drive, Capacity 1TB	LNM620X001T-RNNNG	B08T6C3H24	Shipped	1	AED	180.15								Dubai			AE	
402-9546292-8600346	402-9546292-8600346	2025-01-27T19:02:43+00:00	2025-01-27T22:26:47+00:00	Shipped	Amazon	Amazon.ae		NextDay	Seagate Expansion Portable, 2TB, External Hard Drive, 2.5 Inch, USB 3.0, for Mac and PC (STKM2000400)	STKM2000400	B08ZJG6TVT	Shipped	1	AED	243.0								Dubai			AE	
402-6055598-2647551	402-6055598-2647551	2025-01-27T18:56:31+00:00	2025-01-27T21:57:37+00:00	Shipped	Amazon	Amazon.ae		Expedited	Lexar Internal NM620 M.2 2280 PCIe Gen3x4 NVMe Solid State Drive, Capacity 1TB	LNM620X001T-RNNNG	B08T6C3H24	Shipped	1	AED	180.15		0.5					0.5	Abu Dhabi			AE	
407-3231760-2816332	407-3231760-2816332	2025-01-27T19:14:56+00:00	2025-01-27T21:56:47+00:00	Shipped	Amazon	Amazon.ae		Expedited	Seagate One Touch with password, 2TB, portable external hard drive, PC, Notebook & Mac, USB 3.0, Black (STKY2000400)	STKY2000400	B094QZLJQ6	Shipped	1	AED	279.0		1.5					1.5	Dubai			AE	
171-6565032-1352335	171-6565032-1352335	2025-01-27T14:48:31+00:00	2025-01-27T21:52:50+00:00	Shipped	Amazon	Amazon.ae		Expedited	SanDisk 2TB Extreme PRO Portable SSD - Up to 2000MB/s - USB-C, USB 3.2 Gen 2x2 - External Solid State Drive - SDSSDE81-2T00-G25	SDSSDE81-2T00-G25	B08GV4YYV7	Shipped	1	AED	695.0		1.0					1.0	Dubai			AE	
407-6113479-5637926	407-6113479-5637926	2025-01-27T14:07:04+00:00	2025-01-27T21:48:05+00:00	Shipped	Amazon	Amazon.ae		NextDay	SanDisk Extreme Pro 4TB Portable NVMe SSD, USB C, up to 2000MB/s, Ruggedised and Water Resistant SDSSDE81 4T00 G25, Blue, Extreme Pro, SDSSDE81 4T00 G	SDSSDE81-4T00-G25	B08RX3343D	Shipped	1	AED	1079.0								Dubai			AE	
403-1265495-5094739	403-1265495-5094739	2025-01-27T19:14:45+00:00	2025-01-27T21:42:39+00:00	Shipped	Amazon	Amazon.ae		Expedited	SanDisk 256GB Extreme PRO SDXC card + RescuePRO Deluxe, up to 200MB/s, UHS I, Class 10, U3, V30 SDSDXXD 256G GN4IN, Black	SDSDXXD-256G-GN4IN	B09X7CFXSX	Shipped	1	AED	117.5		3.0					3.0	Dubai			AE	
405-1299749-2999525	405-1299749-2999525	2025-01-26T20:26:01+00:00	2025-01-27T21:38:26+00:00	Shipped	Amazon	Amazon.ae		NextDay	Samsung MU-PC2T0K/WW Portable SSD T7 TOUCH USB 3.2 With Fingerprint And Password Security - 2TB, Black	MU-PC2T0K/WW	B082YGVGQL	Shipped	1	AED	719.0								Dubai			AE	
404-2307731-8832305	404-2307731-8832305	2025-01-27T07:51:59+00:00	2025-01-27T21:34:10+00:00	Shipped	Amazon	Amazon.ae		Expedited	Seagate Exos X22 22TB 3.5 Inch Internal SATA 6Gb/s 512E/4K 7200RPM 512MB Cache Enterprise Hard Drive - ST22000NM001E	ST22000NM001E	B0C3B2MVLJ	Shipped	1	AED	1574.0		1.0					1.0	Abu Dhabi			AE	
404-2307731-8832305	404-2307731-8832305	2025-01-27T07:51:59+00:00	2025-01-27T21:34:10+00:00	Shipped	Amazon	Amazon.ae		Expedited	Samsung Electronics 870 EVO 2TB 2.5 Inch SATA III Internal SSD (MZ-77E2T0B/AM)	MZ-77E2T0BW-1	B08QB93S6R	Shipped	1	AED	609.0		1.0					1.0	Abu Dhabi			AE	
171-1732108-5826707	171-1732108-5826707	2025-01-27T19:38:27+00:00	2025-01-27T21:32:01+00:00	Shipped	Amazon	Amazon.ae		Expedited	Crucial ct1000bx500ssd1 1tb bx500 2.5-inch serial ata 3d nand internal solid state drive, black	CT1000BX500SSD1	B07YD579WM	Shipped	1	AED	195.0		1.5					1.5	Dubai			AE	
171-0498441-0181166	171-0498441-0181166	2025-01-27T12:21:30+00:00	2025-01-27T21:30:32+00:00	Shipped	Amazon	Amazon.ae		NextDay	SanDisk 128GB Extreme PRO SDXC card + RescuePRO Deluxe, up to 200MB/s, UHS I, Class 10, U3, V30 SDSDXXD 128G GN4IN, Black	SDSDXXD-128G-GN4IN	B09X7FXHVJ	Shipped	1	AED	65.0								Dubai			AE	
402-9379793-7690745	402-9379793-7690745	2025-01-27T18:40:30+00:00	2025-01-27T21:26:49+00:00	Shipped	Amazon	Amazon.ae		NextDay	Lexar NM620 1TB SSD, M.2 2280 PCIe Gen3x4 NVMe 1.4 Internal SSD, Up to 3500MB/s Read, 3000MB/s Write, 3D NAND Flash Internal Solid State Drive for PC	LNM620X001T-RNNNG-1	B093CNPVX1	Shipped	1	AED	184.98		14.0						Dubai			AE	
404-8899047-9822714	404-8899047-9822714	2025-01-27T17:35:52+00:00	2025-01-27T21:24:44+00:00	Shipped	Amazon	Amazon.ae		NextDay	Sandisk 1Tb Extreme Pro Portable Ssd - Up To 2000Mb/S - Usb-C, Usb 3.2 Gen 2X2 - External Solid State Drive - Sdssde81-1T00-G25	SDSSDE81-1T00-G25	B08GV9M64L	Shipped	1	AED	445.0		14.0						Abu Dhabi			AE	
405-8757517-6517928	405-8757517-6517928	2025-01-27T16:38:39+00:00	2025-01-27T21:22:58+00:00	Shipped	Amazon	Amazon.ae		Standard	"PNY CS900 500GB 3D NAND 2.5"" SATA III Internal Solid State Drive (SSD) - (SSD7CS900-500-RB)"	SSD7CS900-500-RB	B07XZLN9KM	Shipped	5	AED	470.0		5.0					5.0	Dubai			AE	PAWS-V2-25040697017-91
404-2024931-4335514	404-2024931-4335514	2025-01-27T17:36:05+00:00	2025-01-27T21:20:45+00:00	Shipped	Amazon	Amazon.ae		Expedited	SAMSUNG SSD T7 Portable External Solid State Drive 1TB, Up to USB 3.2 Gen 2, Reliable Storage for Gaming, Students, Professionals, (MU-PC1T0T/WW), Gra	MU-PC1T0T/WW-2	B087DFLF9S	Shipped	2	AED	796.34		3.0					3.0	Dubai			AE	
406-3352795-4817164	406-3352795-4817164	2025-01-27T18:14:16+00:00	2025-01-27T21:20:40+00:00	Shipped	Amazon	Amazon.ae		Expedited	"Western Digital WD Blue 1TB 3D NAND SSD 2.5""/7mm SATA -WDBNCE0010PNC-WRSN"	WDS100T3B0A-3	B0792LL46V	Shipped	1	AED	219.0		1.0					1.0	Dubai			AE	
404-0234201-2845966	404-0234201-2845966	2025-01-27T19:08:05+00:00	2025-01-27T21:02:52+00:00	Shipped	Amazon	Amazon.ae		NextDay	Kingston NV3 NVMe PCIe 4.0 Internal SSD 2TB M.2 2280-SNV3S/2000G	SNV3S/2000G	B0DBR6TRZQ	Shipped	1	AED	419.0								Al Ain			AE	
406-4701907-1105103	406-4701907-1105103	2025-01-27T16:59:52+00:00	2025-01-27T20:56:47+00:00	Shipped	Amazon	Amazon.ae		Standard	Crucial ct1000bx500ssd1 1tb bx500 2.5-inch serial ata 3d nand internal solid state drive, black	CT1000BX500SSD1	B07YD579WM	Shipped	1	AED	195.0		10.0					10.0	Dubai			AE	
404-3472108-5093922	404-3472108-5093922	2025-01-27T19:13:26+00:00	2025-01-27T20:55:49+00:00	Shipped	Amazon	Amazon.ae		Expedited	Seagate Expansion Portable, 1TB, External Hard Drive, 2.5 Inch, USB 3.0, for Mac and PC (STKM1000400)	STKM1000400	B08ZJDWTJ1	Shipped	1	AED	185.0		3.0					3.0	Abu Dhabi			AE	
405-4058084-5520357	405-4058084-5520357	2025-01-27T18:06:47+00:00	2025-01-27T20:55:24+00:00	Shipped	Amazon	Amazon.ae		Expedited	Seagate Expansion Portable, 2TB, External Hard Drive, 2.5 Inch, USB 3.0, for Mac and PC (STKM2000400)	STKM2000400	B08ZJG6TVT	Shipped	1	AED	243.0		3.0					3.0	Abu Dhabi			AE	
406-0366976-1704333	406-0366976-1704333	2025-01-27T16:39:59+00:00	2025-01-27T20:46:21+00:00	Shipped	Amazon	Amazon.ae		NextDay	SanDisk Extreme Pro 4TB Portable NVMe SSD, USB C, up to 2000MB/s, Ruggedised and Water Resistant SDSSDE81 4T00 G25, Blue, Extreme Pro, SDSSDE81 4T00 G	SDSSDE81-4T00-G25	B08RX3343D	Shipped	1	AED	1079.0		4.67						دبي			AE	
406-2762984-9749145	406-2762984-9749145	2025-01-26T13:19:24+00:00	2025-01-27T20:41:53+00:00	Shipped	Amazon	Amazon.ae		Standard	SanDisk 1TB Portable SSD - Up to 550MB/s, USB-C, USB 3.2 Gen 2 - SDSSDE30-1T00-G25	SDSSDE30-1T00-G25	B08RSH8YDJ	Shipped	1	AED	265.99		1.67					1.67	Sharjah			AE	PAWS-V2-25040697017-91
171-4688809-7449116	171-4688809-7449116	2025-01-27T09:04:53+00:00	2025-01-27T20:41:27+00:00	Shipped	Amazon	Amazon.ae		NextDay	Western Digital WD 5TB My Passport Portable External Hard Drive, Red - with Automatic Backup, 256Bit AES Hardware Encryption & Software Protection-WDB	WDBPKJ0050BRD-WESN	B085P17XND	Shipped	1	AED	446.0								Abu Dhabi			AE	
402-2731818-4089931	402-2731818-4089931	2025-01-26T10:35:06+00:00	2025-01-27T20:37:26+00:00	Shipped	Amazon	Amazon.ae		Standard	Crucial BX500 SSD 500GB 3D NAND SATA Internal Solid State Drive 2.5 inch black/blue- CT500BX500SSD1	CT500BX500SSD1	B0B9BL9T4H	Shipped	1	AED	100.5		5.0					5.0	Abu Dhabi			AE	PAWS-V2-25040697017-91
403-4993667-4401907	403-4993667-4401907	2025-01-27T18:27:54+00:00	2025-01-27T20:37:21+00:00	Shipped	Amazon	Amazon.ae		Expedited	SanDisk 1TB Portable SSD - Up to 550MB/s, USB-C, USB 3.2 Gen 2 - SDSSDE30-1T00-G25	SDSSDE30-1T00-G25	B08RSH8YDJ	Shipped	1	AED	250.0		3.0					3.0	Dubai			AE	
402-9967798-2160362	402-9967798-2160362	2025-01-27T13:37:08+00:00	2025-01-27T20:27:54+00:00	Shipped	Amazon	Amazon.ae		Expedited	WD 2TB Elements Portable External Hard Drive USB 3.0 for PC - Black - WDBU6Y0020BBK-WESN	WDBU6Y0020BBK-WESN	B06W55K9N6	Shipped	1	AED	277.3		3.0					3.0	Abu Dhabi			AE	
402-1459215-5035561	402-1459215-5035561	2025-01-27T19:17:32+00:00	2025-01-27T20:23:34+00:00	Shipped	Amazon	Amazon.ae		NextDay	SanDisk 256GB Ultra UHS I MicroSD Card 150MB/s R, for Smartphones, 10 Y Warranty - SDSQUAC-256G-GN6MN	SDSQUAC-256G-GN6MN	B0BDYW3RN3	Shipped	1	AED	59.0								Dubai			AE	
171-3516560-2557114	171-3516560-2557114	2025-01-27T15:38:25+00:00	2025-01-27T20:15:45+00:00	Shipped	Amazon	Amazon.ae		Expedited	SAMSUNG MZ V7S1T0B/AM 970 EVO Plus SSD 1TB M.2 NVMe Interface Internal Solid State Drive with V NAND Technology, Black	MZ-V7S1T0BW	B07MFZY2F2	Shipped	1	AED	398.0		3.0					3.0	Abu Dhabi			AE	
404-7528298-5372360	404-7528298-5372360	2025-01-27T15:55:40+00:00	2025-01-27T20:12:51+00:00	Shipped	Amazon	Amazon.ae		Expedited	SanDisk 256GB Extreme PRO SDXC card + RescuePRO Deluxe, up to 200MB/s, UHS I, Class 10, U3, V30 SDSDXXD 256G GN4IN, Black	SDSDXXD-256G-GN4IN	B09X7CFXSX	Shipped	1	AED	117.5		1.0					1.0	Dubai			AE	
407-5142463-0669911	407-5142463-0669911	2025-01-27T20:11:50+00:00	2025-01-27T20:12:13+00:00	Cancelled	Amazon	Amazon.ae		Expedited	Samsung 990 PRO Series - 1TB PCIe Gen4. X4 NVMe 2.0c - M.2 Internal SSD (MZ-V9P1T0B/AM)	MZ-V9P1T0BW-1	B0BHJF2VRN	Cancelled	0										Sharjah			AE	
407-7165882-3219540	407-7165882-3219540	2025-01-27T20:11:11+00:00	2025-01-27T20:11:38+00:00	Cancelled	Amazon	Amazon.ae		Expedited	Samsung 990 PRO Series - 1TB PCIe Gen4. X4 NVMe 2.0c - M.2 Internal SSD (MZ-V9P1T0B/AM)	MZ-V9P1T0BW-1	B0BHJF2VRN	Cancelled	0										Sharjah			AE	
403-4594636-4585111	403-4594636-4585111	2025-01-27T08:24:56+00:00	2025-01-27T20:11:23+00:00	Shipped	Amazon	Amazon.ae		NextDay	Seagate Expansion Desktop, 6TB, External Hard Drive, USB 3.0 (STKP6000400)	STKP6000400-1	B092R599W5	Shipped	1	AED	469.0								Dubai			AE	
407-9927617-6294754	407-9927617-6294754	2025-01-27T17:43:42+00:00	2025-01-27T20:10:24+00:00	Shipped	Amazon	Amazon.ae		NextDay	Lexar NM620 1TB SSD, M.2 2280 PCIe Gen3x4 NVMe 1.4 Internal SSD, Up to 3500MB/s Read, 3000MB/s Write, 3D NAND Flash Internal Solid State Drive for PC	LNM620X001T-RNNNG-1	B093CNPVX1	Shipped	1	AED	184.98								Al Ain			AE	
406-6177278-5296313	406-6177278-5296313	2025-01-27T17:19:18+00:00	2025-01-27T20:04:23+00:00	Shipped	Amazon	Amazon.ae		Expedited	Transcend 2 TB USB 3.0 External Hard Drive - Military Drop Standards TS2TSJ25M3	TS2TSJ25M3S	B00K087BM2	Shipped	1	AED	299.0		3.0					3.0	Dubai			AE	
403-2086651-2209161	403-2086651-2209161	2025-01-27T04:15:08+00:00	2025-01-27T20:01:59+00:00	Shipped	Amazon	Amazon.ae		NextDay	Netac 16GB DDR5 4800mhz 288-Pin CL40 1.1V DIMM Desktop Memory	NTBSD5P48SP-16	B09ZVJBFTZ	Shipped	1	AED	149.0								Sharjah			AE	
405-8932685-4533941	405-8932685-4533941	2025-01-27T13:03:59+00:00	2025-01-27T19:57:29+00:00	Shipped	Amazon	Amazon.ae		Expedited	SanDisk 128GB Extreme Pro microSD UHS I Card for 4K Video on Smartphones, Action Cams & Drones 200MB/s Read, 90MB/s Write, SDSQXCD 128G GN6MA, Red/Bla	SDSQXCD-128G-GN6MA	B09X7DNF6G	Shipped	1	AED	57.39		0.75					0.75	Dubai			AE	
405-8932685-4533941	405-8932685-4533941	2025-01-27T13:03:59+00:00	2025-01-27T19:57:29+00:00	Shipped	Amazon	Amazon.ae		Expedited	SanDisk 1TB Portable SSD - Up to 550MB/s, USB-C, USB 3.2 Gen 2 - SDSSDE30-1T00-G25	SDSSDE30-1T00-G25	B08RSH8YDJ	Shipped	1	AED	265.99		0.75					0.75	Dubai			AE	
405-4636764-3345951	405-4636764-3345951	2025-01-27T16:46:31+00:00	2025-01-27T19:52:57+00:00	Shipped	Amazon	Amazon.ae		Expedited	Seagate Game Drive for PS5 2TB External HDD - USB 3.0, Officially Licensed, Blue LED (STLV2000101)	STLV2000201	B0CH87VY5B	Shipped	1	AED	359.0		1.0					1.0	Dubai			AE	
404-9952025-0175546	404-9952025-0175546	2025-01-27T17:58:38+00:00	2025-01-27T19:50:43+00:00	Shipped	Amazon	Amazon.ae		Expedited	Sandisk 1Tb Extreme Pro Portable Ssd - Up To 2000Mb/S - Usb-C, Usb 3.2 Gen 2X2 - External Solid State Drive - Sdssde81-1T00-G25	SDSSDE81-1T00-G25	B08GV9M64L	Shipped	1	AED	445.0		3.0					3.0	Dubai			AE	
406-6523240-4127560	406-6523240-4127560	2025-01-27T19:11:19+00:00	2025-01-27T19:35:21+00:00	Cancelled	Amazon	Amazon.ae		Standard	SanDisk 256GB Ultra UHS I MicroSD Card 150MB/s R, for Smartphones, 10 Y Warranty - SDSQUAC-256G-GN6MN	SDSQUAC-256G-GN6MN	B0BDYW3RN3	Cancelled	0										Abu Dhabi			AE	
408-9456413-3933955	408-9456413-3933955	2025-01-27T15:48:42+00:00	2025-01-27T19:25:31+00:00	Shipped	Amazon	Amazon.ae		Expedited	SanDisk Extreme Pro 4TB Portable NVMe SSD, USB C, up to 2000MB/s, Ruggedised and Water Resistant SDSSDE81 4T00 G25, Blue, Extreme Pro, SDSSDE81 4T00 G	SDSSDE81-4T00-G25	B08RX3343D	Shipped	1	AED	1079.0		1.0					1.0	Dubai			AE	
405-0831014-2069943	405-0831014-2069943	2025-01-26T14:26:40+00:00	2025-01-27T19:19:53+00:00	Shipped	Amazon	Amazon.ae		Standard	SanDisk 128GB Extreme Pro microSD UHS I Card for 4K Video on Smartphones, Action Cams & Drones 200MB/s Read, 90MB/s Write, SDSQXCD 128G GN6MA, Red/Bla	SDSQXCD-128G-GN6MA	B09X7DNF6G	Shipped	1	AED	57.39		2.0					2.0	Dubai			AE	PAWS-V2-25040697017-91
404-6186099-6892309	404-6186099-6892309	2025-01-27T15:17:56+00:00	2025-01-27T19:12:49+00:00	Shipped	Amazon	Amazon.ae		Expedited	Sandisk 1Tb Extreme Pro Portable Ssd - Up To 2000Mb/S - Usb-C, Usb 3.2 Gen 2X2 - External Solid State Drive - Sdssde81-1T00-G25	SDSSDE81-1T00-G25	B08GV9M64L	Shipped	1	AED	445.0		1.0					1.0	Sharjah			AE	
402-2428621-1758745	402-2428621-1758745	2025-01-27T14:03:50+00:00	2025-01-27T19:06:48+00:00	Shipped	Amazon	Amazon.ae		NextDay	SanDisk 128GB Extreme PRO SDXC card + RescuePRO Deluxe, up to 200MB/s, UHS I, Class 10, U3, V30 SDSDXXD 128G GN4IN, Black	SDSDXXD-128G-GN4IN	B09X7FXHVJ	Shipped	1	AED	65.0								Dubai			AE	
171-0411845-6224360	171-0411845-6224360	2025-01-26T17:22:05+00:00	2025-01-27T19:04:47+00:00	Shipped	Amazon	Amazon.ae		Standard	SanDisk 256GB Extreme Pro microSD UHS I Card for 4K Video on Smartphones, Action Cams & Drones 200MB/s Read, 140MB/s Write, SDSQXCD 256G GN6MA, Red/Bl	SDSQXCD-256G-GN6MA	B09X7DMBVF	Shipped	1	AED	91.0		5.0					5.0	الشارقة			AE	
171-6490023-3277943	171-6490023-3277943	2025-01-27T14:29:57+00:00	2025-01-27T18:57:29+00:00	Shipped	Amazon	Amazon.ae		NextDay	WD 20TB Elements External Hard Drive, Desktop HDD storage, USB 3.0 compatible, Fast Transfer rates, Plug-and-play storage for all your pictures, video	WDBWLG0200HBK-EESN	B09TYZCN61	Shipped	1	AED	1449.0								Abu Dhabi			AE	
171-6490023-3277943	171-6490023-3277943	2025-01-27T14:29:57+00:00	2025-01-27T18:57:29+00:00	Shipped	Amazon	Amazon.ae		NextDay	Seagate Expansion Portable, 2TB, External Hard Drive, 2.5 Inch, USB 3.0, for Mac and PC (STKM2000400)	STKM2000400	B08ZJG6TVT	Shipped	1	AED	243.0								Abu Dhabi			AE	
171-6490023-3277943	171-6490023-3277943	2025-01-27T14:29:57+00:00	2025-01-27T18:57:29+00:00	Shipped	Amazon	Amazon.ae		NextDay	Western Digital My Passport 2TB Black USB 3.2 Gen 1	WDBYVG0020BBK-WESN	B07VTFN6HM	Shipped	1	AED	259.0								Abu Dhabi			AE	
407-1738816-7439569	407-1738816-7439569	2025-01-27T02:33:23+00:00	2025-01-27T18:56:50+00:00	Shipped	Amazon	Amazon.ae		Standard	Lexar 633X Microsdhc/Sdxc Uhs-I Card With Adaptor 100Mbps, 256GB Capacity	LSDMI256BB633A-4	B082T3MT6D	Shipped	1	AED	65.0		3.34					3.34	Dubai			AE	
171-5339484-8177114	171-5339484-8177114	2025-01-27T14:29:47+00:00	2025-01-27T18:56:46+00:00	Shipped	Amazon	Amazon.ae		Expedited	Kingston NV2 NVMe PCIe 4.0 Internal SSD 2TB M.2 2280 -SNV2S/2000G	SNV2S/2000G	B0BDTC589G	Shipped	1	AED	354.0		3.0					3.0	Abu Dhabi			AE	
403-7071196-9851546	403-7071196-9851546	2025-01-27T15:35:22+00:00	2025-01-27T18:54:35+00:00	Shipped	Amazon	Amazon.ae		Expedited	Crucial RAM CT16G4SFRA32A 16GB DDR4 CL22Laptop Arbeitsspeicher	CT16G4SFRA32A	B08C511GQH	Shipped	1	AED	105.0		0.5					0.5	Sharjah			AE	
403-7071196-9851546	403-7071196-9851546	2025-01-27T15:35:22+00:00	2025-01-27T18:54:35+00:00	Shipped	Amazon	Amazon.ae		Expedited	"Lexar NS100 512GB 2.5"" (SATA 6Gb/s SSD,) Solid State Drive, Up to 550MB/s Read (LNS100-512RB)- Gray"	LNS100-512RBEU	B07TQSYBPH	Shipped	1	AED	103.7		0.5					0.5	Sharjah			AE	
404-3571353-8823560	404-3571353-8823560	2025-01-27T17:10:51+00:00	2025-01-27T18:49:22+00:00	Shipped	Amazon	Amazon.ae		Expedited	Kingston NV3 NVMe PCIe 4.0 Internal SSD 1TB M.2 2280-SNV3S/1000G	SNV3S/1000G	B0DBR3DZWG	Shipped	1	AED	184.0		3.0					3.0	Sharjah			AE	
406-3878204-0881953	406-3878204-0881953	2025-01-27T14:44:07+00:00	2025-01-27T18:46:28+00:00	Shipped	Amazon	Amazon.ae		Expedited	"Lexar NS100 2TB 2.5"" SATA III Internal SSD, Up to 550MB/s Read (LNS100-2TRB)"	LNS100-2TRB-3	B0BJ7MTT8M	Shipped	1	AED	352.99		0.6					0.6	Ajman			AE	
403-9284021-2538731	403-9284021-2538731	2025-01-27T17:32:58+00:00	2025-01-27T18:39:17+00:00	Cancelled	Amazon	Amazon.ae		NextDay	Samsung 2TB 990 PRO with Heatsink PCIe Gen4 NVMe M.2 2280 Up to 7450 MB/s, 6900 MB/s	MZ-V9P2T0GW	B0BWNRPN59	Cancelled	0										Sharjah			AE	
404-6601145-8967537	404-6601145-8967537	2025-01-26T16:03:35+00:00	2025-01-27T18:35:31+00:00	Shipped	Amazon	Amazon.ae		Standard	SanDisk 128GB Extreme Pro microSD UHS I Card for 4K Video on Smartphones, Action Cams & Drones 200MB/s Read, 90MB/s Write, SDSQXCD 128G GN6MA, Red/Bla	SDSQXCD-128G-GN6MA	B09X7DNF6G	Shipped	1	AED	57.39		2.0					2.0	Dubai			AE	PAWS-V2-25040697017-91
406-6799013-7924361	406-6799013-7924361	2025-01-27T14:00:25+00:00	2025-01-27T18:30:26+00:00	Shipped	Amazon	Amazon.ae		Standard	Seagate Expansion Portable, 1TB, External Hard Drive, 2.5 Inch, USB 3.0, for Mac and PC (STKM1000400)	STKM1000400	B08ZJDWTJ1	Shipped	1	AED	185.0		3.33					3.33	Dubai			AE	PAWS-V2-25040697017-91
403-4691231-3991560	403-4691231-3991560	2025-01-27T11:25:21+00:00	2025-01-27T18:26:53+00:00	Shipped	Amazon	Amazon.ae		NextDay	SanDisk 1TB Portable SSD - Up to 550MB/s, USB-C, USB 3.2 Gen 2 - SDSSDE30-1T00-G25	SDSSDE30-1T00-G25	B08RSH8YDJ	Shipped	1	AED	265.99								Dubai			AE	
407-8439358-0737151	407-8439358-0737151	2025-01-26T18:14:24+00:00	2025-01-27T18:14:28+00:00	Shipped	Amazon	Amazon.ae		Standard	SanDisk 256GB Extreme Pro microSD UHS I Card for 4K Video on Smartphones, Action Cams & Drones 200MB/s Read, 140MB/s Write, SDSQXCD 256G GN6MA, Red/Bl	SDSQXCD-256G-GN6MA	B09X7DMBVF	Shipped	1	AED	91.0		3.33					3.33	Abu Dhabi			AE	
408-4285108-8911510	408-4285108-8911510	2025-01-27T14:15:00+00:00	2025-01-27T18:08:06+00:00	Shipped	Amazon	Amazon.ae		Expedited	Sandisk Ultra Android microSDHC 32 Gb 80 Mb/s Class 10 Featuring Class 10 for Full HD4 - SDSQUNS-032G-GN3MN	SDSQUNS-032G-GN3MN-1	B07M82H6MV	Shipped	1	AED	29.0								Dubai	Province of Dubai	0000	AE	
408-0097905-1359537	408-0097905-1359537	2025-01-27T08:52:15+00:00	2025-01-27T18:07:29+00:00	Shipped	Amazon	Amazon.ae		NextDay	Kingston NV3 NVMe PCIe 4.0 Internal SSD 1TB M.2 2280-SNV3S/1000G	SNV3S/1000G	B0DBR3DZWG	Shipped	1	AED	184.0								Al Ain			AE	
408-0097905-1359537	408-0097905-1359537	2025-01-27T08:52:15+00:00	2025-01-27T18:07:29+00:00	Shipped	Amazon	Amazon.ae		NextDay	Lexar Internal NM620 M.2 2280 PCIe Gen3x4 NVMe Solid State Drive, Capacity 1TB	LNM620X001T-RNNNG	B08T6C3H24	Shipped	1	AED	180.15								Al Ain			AE	
407-6002941-9763501	407-6002941-9763501	2025-01-27T18:01:29+00:00	2025-01-27T18:06:34+00:00	Cancelled	Amazon	Amazon.ae		Expedited	SanDisk 256GB Extreme PRO SDXC card + RescuePRO Deluxe, up to 200MB/s, UHS I, Class 10, U3, V30 SDSDXXD 256G GN4IN, Black	SDSDXXD-256G-GN4IN	B09X7CFXSX	Cancelled	0										Dubai			AE	
406-3542944-4040317	406-3542944-4040317	2025-01-27T10:45:32+00:00	2025-01-27T18:05:38+00:00	Shipped	Amazon	Amazon.ae		Expedited	SanDisk 1TB Portable SSD - Up to 550MB/s, USB-C, USB 3.2 Gen 2 - SDSSDE30-1T00-G25	SDSSDE30-1T00-G25	B08RSH8YDJ	Shipped	1	AED	265.99		0.43					0.43	Abu Dhabi			AE	
408-2167979-5433936	408-2167979-5433936	2025-01-27T09:56:45+00:00	2025-01-27T18:04:24+00:00	Shipped	Amazon	Amazon.ae		NextDay	SanDisk 1TB Extreme Portable SSD Up to 1050MB/s USB C, USB 3.2 Gen 2 External Solid State Drive SDSSDE61 1T00 G25, Blue, SanDisk Extreme Portable SSD,	SDSSDE61-1T00-G25	B08GTYFC37	Shipped	1	AED	311.0								Dubai			AE	
408-3111912-3023514	408-3111912-3023514	2025-01-27T13:29:22+00:00	2025-01-27T17:59:48+00:00	Shipped	Amazon	Amazon.ae		NextDay	Samsung MU-PC2T0K/WW Portable SSD T7 TOUCH USB 3.2 With Fingerprint And Password Security - 2TB, Black	MU-PC2T0K/WW	B082YGVGQL	Shipped	1	AED	719.0								Dubai	Province of Dubai	0000	AE	
404-4986109-4073155	404-4986109-4073155	2025-01-27T17:57:42+00:00	2025-01-27T17:58:22+00:00	Cancelled	Amazon	Amazon.ae		Expedited	Sandisk 1Tb Extreme Pro Portable Ssd - Up To 2000Mb/S - Usb-C, Usb 3.2 Gen 2X2 - External Solid State Drive - Sdssde81-1T00-G25	SDSSDE81-1T00-G25	B08GV9M64L	Cancelled	0										Dubai			AE	
402-0066836-6425169	402-0066836-6425169	2025-01-26T19:52:49+00:00	2025-01-27T17:41:38+00:00	Shipped	Amazon	Amazon.ae		NextDay	HIKSEMI T300S 320GB Portable External SSD Read Speed Up to 560MB/S, USB 3.1/Type C, External Solid State Drive	HS-ESSD-T300S/320G	B0CYCDBL6Y	Shipped	1	AED	99.0								Dubai			AE	
404-2215370-8885166	404-2215370-8885166	2025-01-27T13:44:15+00:00	2025-01-27T17:29:46+00:00	Shipped	Amazon	Amazon.ae		Standard	Seagate Expansion Portable, 2TB, External Hard Drive, 2.5 Inch, USB 3.0, for Mac and PC (STKM2000400)	STKM2000400	B08ZJG6TVT	Shipped	1	AED	243.0		10.0					10.0	Dubai			AE	
408-9556330-5769904	408-9556330-5769904	2025-01-27T11:18:54+00:00	2025-01-27T17:29:29+00:00	Shipped	Amazon	Amazon.ae		Expedited	KIOXIA EXCERIA G2 NVMeTM SSD 500GB	LRC20Z500GG8	B0C7Z5DYXF	Shipped	1	AED	92.0		0.6					0.6	Ajman			AE	
406-9814967-2081927	406-9814967-2081927	2025-01-27T14:46:33+00:00	2025-01-27T17:27:26+00:00	Shipped	Amazon	Amazon.ae		Expedited	Seagate Expansion Portable, 1TB, External Hard Drive, 2.5 Inch, USB 3.0, for Mac and PC (STKM1000400)	STKM1000400	B08ZJDWTJ1	Shipped	1	AED	185.0		3.0					3.0	Dubai			AE	
406-0329825-8117152	406-0329825-8117152	2025-01-27T08:41:40+00:00	2025-01-27T17:21:47+00:00	Shipped	Amazon	Amazon.ae		Standard	Seagate Expansion Portable, 2TB, External Hard Drive, 2.5 Inch, USB 3.0, for Mac and PC (STKM2000400)	STKM2000400	B08ZJG6TVT	Shipped	1	AED	243.0		10.0					10.0	Dubai			AE	
403-7439342-3241942	403-7439342-3241942	2025-01-27T13:53:33+00:00	2025-01-27T17:10:24+00:00	Shipped	Amazon	Amazon.ae		Expedited	Lenovo 512GB PS6 Portable SSD External Type-C USB 3.2 Gen 1 With Upto 550 MB/s	GXB1M24163	B0CHG33LK3	Shipped	1	AED	179.0		3.0					3.0	Dubai			AE	
402-9034659-7969138	402-9034659-7969138	2025-01-27T10:07:03+00:00	2025-01-27T17:01:44+00:00	Shipped	Amazon	Amazon.ae		Expedited	Toshiba Canvio Basics 2TB Portable External Hard Drive USB 3.2 Gen1, Black	HDTB520EK3AA	B0BMGTK46D	Shipped	1	AED	259.0		0.33					0.33	Dubai			AE	
404-8403098-7933928	404-8403098-7933928	2025-01-27T09:46:07+00:00	2025-01-27T17:00:51+00:00	Shipped	Amazon	Amazon.ae		Expedited	SanDisk 256GB Extreme PRO SDXC card + RescuePRO Deluxe, up to 200MB/s, UHS I, Class 10, U3, V30 SDSDXXD 256G GN4IN, Black	SDSDXXD-256G-GN4IN	B09X7CFXSX	Shipped	1	AED	117.0		1.5					1.5	Dubai			AE	
405-8742148-0295551	405-8742148-0295551	2025-01-27T10:11:07+00:00	2025-01-27T16:51:46+00:00	Shipped	Amazon	Amazon.ae		NextDay	SanDisk 128GB Extreme PRO SDXC card + RescuePRO Deluxe, up to 200MB/s, UHS I, Class 10, U3, V30 SDSDXXD 128G GN4IN, Black	SDSDXXD-128G-GN4IN	B09X7FXHVJ	Shipped	1	AED	65.0								Dubai			AE	
171-9869546-4322761	171-9869546-4322761	2025-01-27T12:24:34+00:00	2025-01-27T16:51:23+00:00	Shipped	Amazon	Amazon.ae		Standard	Crucial BX500 SSD 500GB 3D NAND SATA Internal Solid State Drive 2.5 inch black/blue- CT500BX500SSD1	CT500BX500SSD1	B0B9BL9T4H	Shipped	1	AED	100.5		10.0					10.0	Sharjah			AE	
402-4765457-5856320	402-4765457-5856320	2025-01-27T13:47:05+00:00	2025-01-27T16:50:45+00:00	Shipped	Amazon	Amazon.ae		NextDay	SanDisk 128GB Extreme PRO SDXC card + RescuePRO Deluxe, up to 200MB/s, UHS I, Class 10, U3, V30 SDSDXXD 128G GN4IN, Black	SDSDXXD-128G-GN4IN	B09X7FXHVJ	Shipped	1	AED	65.0								أبوظبي			AE	
405-9217729-4983544	405-9217729-4983544	2025-01-27T15:32:53+00:00	2025-01-27T16:38:12+00:00	Cancelled	Amazon	Amazon.ae		NextDay	SanDisk 256GB Ultra UHS I MicroSD Card 150MB/s R, for Smartphones, 10 Y Warranty - SDSQUAC-256G-GN6MN	SDSQUAC-256G-GN6MN	B0BDYW3RN3	Cancelled	0										Abu Dhabi			AE	
404-7693244-8409102	404-7693244-8409102	2025-01-27T14:10:37+00:00	2025-01-27T16:22:47+00:00	Shipped	Amazon	Amazon.ae		Expedited	Western Digital My Passport 2TB Black USB 3.2 Gen 1	WDBYVG0020BBK-WESN	B07VTFN6HM	Shipped	1	AED	259.0		3.0					3.0	Abu Dhabi			AE	
408-4403770-3477920	408-4403770-3477920	2025-01-27T12:45:03+00:00	2025-01-27T16:22:27+00:00	Shipped	Amazon	Amazon.ae		Standard	Seagate Expansion Portable, 1TB, External Hard Drive, 2.5 Inch, USB 3.0, for Mac and PC (STKM1000400)	STKM1000400	B08ZJDWTJ1	Shipped	1	AED	185.0		10.0					10.0	Sharjah			AE	
171-0483505-6564304	171-0483505-6564304	2025-01-27T11:09:55+00:00	2025-01-27T16:15:47+00:00	Shipped	Amazon	Amazon.ae		NextDay	SanDisk 128GB Extreme PRO SDXC card + RescuePRO Deluxe, up to 200MB/s, UHS I, Class 10, U3, V30 SDSDXXD 128G GN4IN, Black	SDSDXXD-128G-GN4IN	B09X7FXHVJ	Shipped	1	AED	65.0								عجمان			AE	
408-4069612-8953942	408-4069612-8953942	2025-01-27T10:17:08+00:00	2025-01-27T16:03:30+00:00	Shipped	Amazon	Amazon.ae		Standard	Toshiba Canvio Advance 4TB Portable External Hard Drive USB 3.2 Gen1, Black - HDTCA40EK3CA	HDTCA40EK3CA	B08L161RYP	Shipped	1	AED	399.0								Dubai	Province of Dubai	0000	AE	PAWS-V2-25040697017-91
406-0108188-3859523	406-0108188-3859523	2025-01-27T13:50:55+00:00	2025-01-27T15:55:26+00:00	Shipped	Amazon	Amazon.ae		Expedited	Western Digital My Passport 2TB Black USB 3.2 Gen 1	WDBYVG0020BBK-WESN	B07VTFN6HM	Shipped	1	AED	259.0		3.0					3.0	Dubai			AE	
404-3946571-2793126	404-3946571-2793126	2025-01-27T11:06:54+00:00	2025-01-27T15:52:48+00:00	Shipped	Amazon	Amazon.ae		Expedited	SanDisk 1TB Extreme Pro microSD UHS I Card for 4K Video on Smartphones, Action Cams & Drones 200MB/s Read, 140MB/s Write, SDSQXCD 1T00 GN6MA, Red/Blac	SDSQXCD-1T00-GN6MA	B09X7CFLDF	Shipped	1	AED	378.0		0.75					0.75	Dubai			AE	
405-1804218-0416316	405-1804218-0416316	2025-01-27T10:51:26+00:00	2025-01-27T15:45:57+00:00	Shipped	Amazon	Amazon.ae		Expedited	Kingston Canvas Select Plus microSDXC Karta pamici 128 GB A1 Class 10 UHSI U1 V10 100 MBs z adapterem	SDCS2/128GB	B07YGZ7JD5	Shipped	1	AED	39.0		0.37					0.37	Dubai			AE	
405-7825177-4429930	405-7825177-4429930	2025-01-26T23:48:04+00:00	2025-01-27T15:37:45+00:00	Shipped	Amazon	Amazon.ae		Standard	LaCie Rugged USB-C, 5TB, Portable External Hard Drive, Drop, Shock, Dust, Rain Resistant, for Mac & PC (STFR5000800)	STFR5000800	B079H7JVL3	Shipped	1	AED	620.0		10.0					10.0	أبوظبي			AE	
171-9306168-8297161	171-9306168-8297161	2025-01-27T11:54:03+00:00	2025-01-27T15:34:47+00:00	Shipped	Amazon	Amazon.ae		Expedited	SanDisk Extreme Pro 4TB Portable NVMe SSD, USB C, up to 2000MB/s, Ruggedised and Water Resistant SDSSDE81 4T00 G25, Blue, Extreme Pro, SDSSDE81 4T00 G	SDSSDE81-4T00-G25	B08RX3343D	Shipped	1	AED	1079.0		3.0					3.0	Dubai			AE	
405-6783005-1595551	405-6783005-1595551	2025-01-27T12:27:45+00:00	2025-01-27T15:34:29+00:00	Shipped	Amazon	Amazon.ae		Expedited	"Lexar NS100 256GB 2.5"" SATA III Internal SSD, Solid State Drive, Up To 550MB/s Read (LNS100-256RB)"	LNS100-256RBEU	B07TNQXQ6N	Shipped	1	AED	66.5		0.75					0.75	Sharjah			AE	
406-2574877-1237101	406-2574877-1237101	2025-01-27T12:03:50+00:00	2025-01-27T15:34:25+00:00	Shipped	Amazon	Amazon.ae		Expedited	Seagate Expansion Portable, 2TB, External Hard Drive, 2.5 Inch, USB 3.0, for Mac and PC (STKM2000400)	STKM2000400	B08ZJG6TVT	Shipped	1	AED	243.0		3.0					3.0	Dubai			AE	
402-4757542-6664326	402-4757542-6664326	2025-01-27T13:33:48+00:00	2025-01-27T15:22:22+00:00	Shipped	Amazon	Amazon.ae		Expedited	"Lexar NS100 2TB 2.5"" SATA III Internal SSD, Up to 550MB/s Read (LNS100-2TRB)"	LNS100-2TRB-3	B0BJ7MTT8M	Shipped	1	AED	352.99		3.0					3.0	Abu Dhabi			AE	
403-2431837-8898761	403-2431837-8898761	2025-01-27T09:41:17+00:00	2025-01-27T15:21:51+00:00	Shipped	Amazon	Amazon.ae		Expedited	Crucial RAM 16GB DDR5 5600MHz (or 5200MHz or 4800MHz) Laptop Memory CT16G56C46S5	CT16G56C46S5	B0BLTGMCB7	Shipped	2	AED	326.0		1.5					1.5	Abu Dhabi			AE	
405-4020295-0684320	405-4020295-0684320	2025-01-27T13:05:28+00:00	2025-01-27T15:21:22+00:00	Shipped	Amazon	Amazon.ae		Expedited	"Lexar NQ100 240GB 2.5"" SATA III (6Gb/s) Solid-State Drive LNQ100X240G-RNNNG"	LNQ100X240G-RNNNG	B08L5JSXXP	Shipped	2	AED	114.98		3.0					3.0	Dubai			AE	
171-9331807-8704339	171-9331807-8704339	2025-01-27T09:20:27+00:00	2025-01-27T15:17:46+00:00	Shipped	Amazon	Amazon.ae		Expedited	Western Digital WD 5TB My Passport Portable External Hard Drive HDD with Password Protection and auto Backup Software, White - WDBPKJ0050BWT-WESN	WDBPKJ0050BWT-WESN	B088P3KZZ9	Shipped	2	AED	870.0		3.0					3.0	Dubai			AE	
405-4316800-8390719	405-4316800-8390719	2025-01-27T14:49:10+00:00	2025-01-27T15:16:52+00:00	Cancelled	Amazon	Amazon.ae		NextDay	Seagate Expansion Portable, 1TB, External Hard Drive, 2.5 Inch, USB 3.0, for Mac and PC (STKM1000400)	STKM1000400	B08ZJDWTJ1	Cancelled	0										Al Ain			AE	
407-7222895-4225142	407-7222895-4225142	2025-01-27T13:23:29+00:00	2025-01-27T15:15:51+00:00	Shipped	Amazon	Amazon.ae		NextDay	SanDisk 128GB Extreme PRO SDXC card + RescuePRO Deluxe, up to 200MB/s, UHS I, Class 10, U3, V30 SDSDXXD 128G GN4IN, Black	SDSDXXD-128G-GN4IN	B09X7FXHVJ	Shipped	1	AED	65.0								Dubai			AE	
407-7388320-0692367	407-7388320-0692367	2025-01-27T13:21:04+00:00	2025-01-27T15:15:47+00:00	Shipped	Amazon	Amazon.ae		NextDay	SanDisk 128GB Extreme PRO SDXC card + RescuePRO Deluxe, up to 200MB/s, UHS I, Class 10, U3, V30 SDSDXXD 128G GN4IN, Black	SDSDXXD-128G-GN4IN	B09X7FXHVJ	Shipped	1	AED	65.0								Dubai			AE	
402-3173042-1695506	402-3173042-1695506	2025-01-27T10:30:36+00:00	2025-01-27T15:07:23+00:00	Shipped	Amazon	Amazon.ae		Expedited	NETGEAR Orbi Whole Home Mesh WiFi 6 Satellite (RBS850) - Adds up to 2,500 sq. ft. Coverage, AX6000 (Up to 6Gbps)	RBS850-100EUS-2	B083YRSCM9	Shipped	1	AED	1006.05		3.0					3.0	Dubai			AE	
406-3645725-1866709	406-3645725-1866709	2025-01-27T10:07:15+00:00	2025-01-27T15:05:25+00:00	Shipped	Amazon	Amazon.ae		Expedited	SanDisk 128GB Extreme PRO SDXC card + RescuePRO Deluxe, up to 200MB/s, UHS I, Class 10, U3, V30 SDSDXXD 128G GN4IN, Black	SDSDXXD-128G-GN4IN	B09X7FXHVJ	Shipped	1	AED	65.0		1.5					1.5	Abu Dhabi			AE	
406-3645725-1866709	406-3645725-1866709	2025-01-27T10:07:15+00:00	2025-01-27T15:05:25+00:00	Shipped	Amazon	Amazon.ae		Expedited	SanDisk 256GB Extreme PRO SDXC card + RescuePRO Deluxe, up to 200MB/s, UHS I, Class 10, U3, V30 SDSDXXD 256G GN4IN, Black	SDSDXXD-256G-GN4IN	B09X7CFXSX	Shipped	1	AED	117.5		1.5					1.5	Abu Dhabi			AE	
403-2601307-9010744	403-2601307-9010744	2025-01-27T09:25:41+00:00	2025-01-27T15:04:51+00:00	Shipped	Amazon	Amazon.ae		Expedited	"Western Digital 500GB WD Blue SA510 SATA Internal Solid State Drive SSD - SATA III 6 Gb/s, 2.5""/7mm, Up to 560 MB/s"	WDS500G3B0A-2	B01LWQ9LYV	Shipped	2	AED	298.0		3.0					3.0	Sharjah			AE	
408-2046766-0365956	408-2046766-0365956	2025-01-27T07:08:01+00:00	2025-01-27T15:04:26+00:00	Shipped	Amazon	Amazon.ae		Standard	Seagate Expansion Portable, 1TB, External Hard Drive, 2.5 Inch, USB 3.0, for Mac and PC (STKM1000400)	STKM1000400	B08ZJDWTJ1	Shipped	1	AED	185.0		5.0					5.0	Dubai			AE	PAWS-V2-25040697017-91
408-9651444-3561119	408-9651444-3561119	2025-01-27T09:46:40+00:00	2025-01-27T15:02:27+00:00	Shipped	Amazon	Amazon.ae		NextDay	Kaspersky ANTI-VIRUS 2020 - 2 USERS - AUTHENTIC MIDDLE EAST VERSION - 1 YEAR	KAV2020(1+1)	B07YPVVL2Y	Shipped	1	AED	11.0								Abu Dhabi			AE	
402-5347647-5177162	402-5347647-5177162	2025-01-27T09:44:04+00:00	2025-01-27T15:02:22+00:00	Shipped	Amazon	Amazon.ae		NextDay	Kaspersky ANTI-VIRUS 2020 - 2 USERS - AUTHENTIC MIDDLE EAST VERSION - 1 YEAR	KAV2020(1+1)	B07YPVVL2Y	Shipped	1	AED	11.0								Abu Dhabi			AE	
402-9397616-1579549	402-9397616-1579549	2025-01-27T12:12:43+00:00	2025-01-27T14:56:47+00:00	Shipped	Amazon	Amazon.ae		Expedited	Kingston 480GB A400 SATA3 2.5 Inch Internal SSD Upto 500MB/s Read, 450MB/s Write	SA400S37/480G	B01N0TQPQB	Shipped	1	AED	139.0		3.0					3.0	Dubai			AE	
403-8725278-7352348	403-8725278-7352348	2025-01-27T06:56:17+00:00	2025-01-27T14:50:44+00:00	Shipped	Amazon	Amazon.ae		Expedited	WD My Passport 2T Slim 2.5in USB 3.0 Black - WDBYVG0020BBK	WDBYVG0020BBK-WESN-2	B01DZZ84ZE	Shipped	1	AED	255.0		1.5					1.5	Sharjah			AE	
405-5059861-9159528	405-5059861-9159528	2025-01-27T09:47:28+00:00	2025-01-27T14:40:45+00:00	Shipped	Amazon	Amazon.ae		NextDay	Seagate IronWolf 8TB, NAS internal Hard Drive, HDD, 3.5 Inch, 7200 U/Min, CMR, 256 MB Cache, SATA 6 Gb/s, Modellnr: ST8000VN004	ST8000VN004	B07SZVVBBK	Shipped	1	AED	730.0								رأس الخيمة			AE	
408-4997280-4882765	408-4997280-4882765	2025-01-27T11:36:09+00:00	2025-01-27T14:34:48+00:00	Shipped	Amazon	Amazon.ae		Expedited	Seagate Expansion Portable, 1TB, External Hard Drive, 2.5 Inch, USB 3.0, for Mac and PC (STKM1000400)	STKM1000400	B08ZJDWTJ1	Shipped	1	AED	185.0		3.0					3.0	Dubai			AE	
403-4426952-4088333	403-4426952-4088333	2025-01-27T11:45:14+00:00	2025-01-27T14:34:47+00:00	Shipped	Amazon	Amazon.ae		Expedited	SanDisk 1TB Portable SSD - Up to 550MB/s, USB-C, USB 3.2 Gen 2 - SDSSDE30-1T00-G25	SDSSDE30-1T00-G25	B08RSH8YDJ	Shipped	1	AED	265.99		3.0					3.0	Dubai			AE	
404-2634470-9650718	404-2634470-9650718	2025-01-27T11:44:40+00:00	2025-01-27T14:34:27+00:00	Shipped	Amazon	Amazon.ae		Standard	Seagate Expansion Portable, 1TB, External Hard Drive, 2.5 Inch, USB 3.0, for Mac and PC (STKM1000400)	STKM1000400	B08ZJDWTJ1	Shipped	1	AED	185.0		10.0					10.0	Sharjah			AE	PAWS-V2-25040697017-91
406-1425228-5053966	406-1425228-5053966	2025-01-27T12:52:22+00:00	2025-01-27T14:34:26+00:00	Shipped	Amazon	Amazon.ae		Expedited	SanDisk 1TB Portable SSD - Up to 550MB/s, USB-C, USB 3.2 Gen 2 - SDSSDE30-1T00-G25	SDSSDE30-1T00-G25	B08RSH8YDJ	Shipped	1	AED	265.99		3.0					3.0	Abu Dhabi			AE	
404-5010411-7045954	404-5010411-7045954	2025-01-26T21:57:35+00:00	2025-01-27T14:32:29+00:00	Shipped	Amazon	Amazon.ae		Standard	SanDisk Ultra UHS I 128GB SD Card 140MB/s for DSLR and Mirrorless Cameras, 10Y Warranty	SDSDUNB-128G-GN6IN	B0B7NS71G2	Shipped	1	AED	49.96		2.5					2.5	Dubai			AE	
403-9063619-2126766	403-9063619-2126766	2025-01-27T10:06:20+00:00	2025-01-27T14:27:26+00:00	Shipped	Amazon	Amazon.ae		Standard	Crucial BX500 SSD 500GB 3D NAND SATA Internal Solid State Drive 2.5 inch black/blue- CT500BX500SSD1	CT500BX500SSD1	B0B9BL9T4H	Shipped	1	AED	100.5		10.0					10.0	Dubai			AE	
403-6335512-6320367	403-6335512-6320367	2025-01-27T09:49:23+00:00	2025-01-27T14:24:54+00:00	Shipped	Amazon	Amazon.ae		NextDay	Kaspersky ANTI-VIRUS 2020 - 2 USERS - AUTHENTIC MIDDLE EAST VERSION - 1 YEAR	KAV2020(1+1)	B07YPVVL2Y	Shipped	1	AED	11.0								Abu Dhabi			AE	
403-7942510-0375563	403-7942510-0375563	2025-01-27T09:54:10+00:00	2025-01-27T14:24:51+00:00	Shipped	Amazon	Amazon.ae		NextDay	Kaspersky ANTI-VIRUS 2020 - 2 USERS - AUTHENTIC MIDDLE EAST VERSION - 1 YEAR	KAV2020(1+1)	B07YPVVL2Y	Shipped	1	AED	11.0								Abu Dhabi			AE	
403-6697427-5456332	403-6697427-5456332	2025-01-26T07:41:58+00:00	2025-01-27T14:23:25+00:00	Shipped	Amazon	Amazon.ae		Standard	SanDisk 128GB Extreme PRO SDXC card + RescuePRO Deluxe, up to 200MB/s, UHS I, Class 10, U3, V30 SDSDXXD 128G GN4IN, Black	SDSDXXD-128G-GN4IN	B09X7FXHVJ	Shipped	1	AED	65.0		3.33					3.33	Sharjah			AE	PAWS-V2-25040697017-91
405-2631927-5185945	405-2631927-5185945	2025-01-27T12:08:45+00:00	2025-01-27T14:14:46+00:00	Shipped	Amazon	Amazon.ae		Expedited	SanDisk 128GB Extreme PRO SDXC card + RescuePRO Deluxe, up to 200MB/s, UHS I, Class 10, U3, V30 SDSDXXD 128G GN4IN, Black	SDSDXXD-128G-GN4IN	B09X7FXHVJ	Shipped	1	AED	65.0		3.0						Dubai			AE	
404-0170645-2875536	404-0170645-2875536	2025-01-26T17:53:56+00:00	2025-01-27T14:12:49+00:00	Shipped	Amazon	Amazon.ae		NextDay	SAMSUNG 990 PRO SSD 2TB PCIe 4.0 M.2 2280 Internal Solid State Hard Drive, Seq. Read Speeds Up to 7,450 MB/s for High End Computing, Gaming, and Heavy	MZ-V9P2T0BW-2	B0BHJJ9Y77	Shipped	1	AED	615.0								Sharjah			AE	
404-6722598-0997100	404-6722598-0997100	2025-01-27T12:26:01+00:00	2025-01-27T14:12:24+00:00	Shipped	Amazon	Amazon.ae		Expedited	Seagate Expansion Portable, 1TB, External Hard Drive, 2.5 Inch, USB 3.0, for Mac and PC (STKM1000400)	STKM1000400	B08ZJDWTJ1	Shipped	1	AED	185.0		3.0					3.0	Dubai			AE	
407-1391890-8059525	407-1391890-8059525	2025-01-27T09:13:56+00:00	2025-01-27T14:09:48+00:00	Shipped	Amazon	Amazon.ae		Expedited	Toshiba Canvio Basics 4TB Portable External Hard Drive USB 3.0, Black - HDTB540XK3CA	HDTB540EK3CA-1	B0BQX82Q17	Shipped	1	AED	389.0		1.5					1.5	Dubai			AE	
407-1391890-8059525	407-1391890-8059525	2025-01-27T09:13:56+00:00	2025-01-27T14:09:48+00:00	Shipped	Amazon	Amazon.ae		Expedited	Toshiba Canvio Basics 4TB Portable External Hard Drive USB 3.2 Gen1, Black	HDTB540EK3CA	B0BMGXKH4W	Shipped	1	AED	389.89		1.5					1.5	Dubai			AE	
403-2253286-9648325	403-2253286-9648325	2025-01-26T15:05:38+00:00	2025-01-27T13:46:48+00:00	Shipped	Amazon	Amazon.ae		Standard	SanDisk 1TB Portable SSD - Up to 550MB/s, USB-C, USB 3.2 Gen 2 - SDSSDE30-1T00-G25	SDSSDE30-1T00-G25	B08RSH8YDJ	Shipped	1	AED	265.99		5.0					5.0	Dubai			AE	PAWS-V2-25040697017-91
403-4888483-0359557	403-4888483-0359557	2025-01-27T13:27:50+00:00	2025-01-27T13:44:03+00:00	Cancelled	Amazon	Amazon.ae		NextDay	"PNY CS900 500GB 3D NAND 2.5"" SATA III Internal Solid State Drive (SSD) - (SSD7CS900-500-RB)"	SSD7CS900-500-RB	B07XZLN9KM	Cancelled	0										Al Ain			AE	
402-3549200-9448345	402-3549200-9448345	2025-01-27T04:34:38+00:00	2025-01-27T13:17:47+00:00	Shipped	Amazon	Amazon.ae		NextDay	SanDisk 256GB Extreme Pro microSD UHS I Card for 4K Video on Smartphones, Action Cams & Drones 200MB/s Read, 140MB/s Write, SDSQXCD 256G GN6MA, Red/Bl	SDSQXCD-256G-GN6MA	B09X7DMBVF	Shipped	1	AED	91.0								Ras Al Khaimah			AE	
403-9283089-8589117	403-9283089-8589117	2025-01-27T12:02:54+00:00	2025-01-27T13:09:18+00:00	Cancelled	Amazon	Amazon.ae		Standard	SanDisk 128GB Extreme PRO SDXC card + RescuePRO Deluxe, up to 200MB/s, UHS I, Class 10, U3, V30 SDSDXXD 128G GN4IN, Black	SDSDXXD-128G-GN4IN	B09X7FXHVJ	Cancelled	0										الشارقة			AE	
405-9987629-2609926	405-9987629-2609926	2025-01-26T05:44:30+00:00	2025-01-27T13:02:43+00:00	Shipped	Amazon	Amazon.ae		Standard	Seagate Barracuda 2 TB internal Hard Drive HDD, 3.5 Inch, 7200 U/Min, 256 MB Cache, SATA 6 Gb/s, Modellnr.: ST2000DM008	ST2000DM008-A	B07H2RR55Q	Shipped	1	AED	229.0		0.9					0.9	الفجيرة			AE	PAWS-V2-25040697017-91
171-0227881-9585932	171-0227881-9585932	2025-01-27T10:30:56+00:00	2025-01-27T12:50:48+00:00	Shipped	Amazon	Amazon.ae		Expedited	Verbatim Vi3000 PCIe NVMe M.2 SSD 1TB	VER-49375	B0BY6QB7HZ	Shipped	1	AED	174.5		3.0					3.0	Dubai			AE	
406-9347695-8844304	406-9347695-8844304	2025-01-25T04:50:20+00:00	2025-01-27T12:29:57+00:00	Shipped	Amazon	Amazon.ae		Standard	SanDisk 256GB Extreme Pro microSD UHS I Card for 4K Video on Smartphones, Action Cams & Drones 200MB/s Read, 140MB/s Write, SDSQXCD 256G GN6MA, Red/Bl	SDSQXCD-256G-GN6MA	B09X7DMBVF	Shipped	1	AED	91.0		1.67					1.67	Dubai			AE	PAWS-V2-25040697017-91
407-4661835-5915515	407-4661835-5915515	2025-01-24T17:58:36+00:00	2025-01-27T12:26:08+00:00	Shipped	Amazon	Amazon.ae		NextDay	SanDisk 4TB Extreme Portable SSD Up to 1050MB/s USB C, USB 3.2 Gen 2 External Solid State Drive SDSSDE61 4T00 G25, Blue, SanDisk Extreme Portable SSD,	SDSSDE61-4T00-G25	B08RX4QKXS	Shipped	1	AED	910.0								Dubai			AE	
404-9768015-4326708	404-9768015-4326708	2025-01-27T08:31:59+00:00	2025-01-27T12:25:47+00:00	Shipped	Amazon	Amazon.ae		Standard	Seagate Expansion Portable, 1TB, External Hard Drive, 2.5 Inch, USB 3.0, for Mac and PC (STKM1000400)	STKM1000400	B08ZJDWTJ1	Shipped	1	AED	185.0		10.0					10.0	Dubai			AE	
407-2142681-4178726	407-2142681-4178726	2025-01-27T09:17:48+00:00	2025-01-27T12:12:24+00:00	Shipped	Amazon	Amazon.ae		Expedited	Kingston Technology FURY Renegade M.2 2000 GB PCI Express 4.0 3D TLC NVMe	SFYRD/2000G	B09K36S11S	Shipped	1	AED	510.0		3.0					3.0	Abu Dhabi			AE	
171-2035544-8142727	171-2035544-8142727	2025-01-27T07:25:11+00:00	2025-01-27T12:05:25+00:00	Shipped	Amazon	Amazon.ae		Standard	Seagate Expansion Portable, 2TB, External Hard Drive, 2.5 Inch, USB 3.0, for Mac and PC (STKM2000400)	STKM2000400	B08ZJG6TVT	Shipped	1	AED	243.0		10.0					10.0	Ajman			AE	
402-7764526-7372353	402-7764526-7372353	2025-01-26T14:33:20+00:00	2025-01-27T12:04:33+00:00	Shipped	Amazon	Amazon.ae		Standard	SanDisk 128GB Extreme PRO SDXC card + RescuePRO Deluxe, up to 200MB/s, UHS I, Class 10, U3, V30 SDSDXXD 128G GN4IN, Black	SDSDXXD-128G-GN4IN	B09X7FXHVJ	Shipped	1	AED	65.0		5.0					5.0	Abu Dhabi			AE	PAWS-V2-25040697017-91
406-1671517-2864312	406-1671517-2864312	2025-01-27T12:00:04+00:00	2025-01-27T12:01:11+00:00	Cancelled	Amazon	Amazon.ae		Expedited	Seagate Expansion Portable, 2TB, External Hard Drive, 2.5 Inch, USB 3.0, for Mac and PC (STKM2000400)	STKM2000400	B08ZJG6TVT	Cancelled	0										Dubai			AE	
402-8725799-1081945	402-8725799-1081945	2025-01-27T09:15:44+00:00	2025-01-27T11:54:47+00:00	Shipped	Amazon	Amazon.ae		Expedited	SanDisk 1TB Portable SSD - Up to 550MB/s, USB-C, USB 3.2 Gen 2 - SDSSDE30-1T00-G25	SDSSDE30-1T00-G25	B08RSH8YDJ	Shipped	1	AED	265.99		3.0					3.0	Sharjah			AE	
404-2042354-4490764	404-2042354-4490764	2025-01-27T11:18:44+00:00	2025-01-27T11:42:17+00:00	Cancelled	Amazon	Amazon.ae		Standard	Seagate Expansion Portable, 1TB, External Hard Drive, 2.5 Inch, USB 3.0, for Mac and PC (STKM1000400)	STKM1000400	B08ZJDWTJ1	Cancelled	0										Sharjah			AE	
405-1976923-7469968	405-1976923-7469968	2025-01-27T07:25:51+00:00	2025-01-27T11:32:15+00:00	Cancelled	Amazon	Amazon.ae		NextDay	SanDisk 128GB Extreme Pro microSD UHS I Card for 4K Video on Smartphones, Action Cams & Drones 200MB/s Read, 90MB/s Write, SDSQXCD 128G GN6MA, Red/Bla	SDSQXCD-128G-GN6MA	B09X7DNF6G	Cancelled	0										Dubai			AE	
405-1976923-7469968	405-1976923-7469968	2025-01-27T07:25:51+00:00	2025-01-27T11:32:15+00:00	Cancelled	Amazon	Amazon.ae		NextDay	SanDisk 1TB Portable SSD - Up to 550MB/s, USB-C, USB 3.2 Gen 2 - SDSSDE30-1T00-G25	SDSSDE30-1T00-G25	B08RSH8YDJ	Cancelled	0										Dubai			AE	
405-6347887-0736358	405-6347887-0736358	2025-01-27T06:17:05+00:00	2025-01-27T11:02:47+00:00	Shipped	Amazon	Amazon.ae		Standard	Crucial ct1000bx500ssd1 1tb bx500 2.5-inch serial ata 3d nand internal solid state drive, black	CT1000BX500SSD1	B07YD579WM	Shipped	1	AED	205.0		10.0					10.0	Dubai			AE	
406-9050462-9505913	406-9050462-9505913	2025-01-27T06:05:32+00:00	2025-01-27T10:40:21+00:00	Shipped	Amazon	Amazon.ae		Expedited	"Western Digital 500GB WD Blue SA510 SATA Internal Solid State Drive SSD - SATA III 6 Gb/s, 2.5""/7mm, Up to 560 MB/s"	WDS500G3B0A-2	B01LWQ9LYV	Shipped	2	AED	298.0		3.0					3.0	Abu Dhabi			AE	
403-5014130-9071524	403-5014130-9071524	2025-01-27T08:46:44+00:00	2025-01-27T10:39:23+00:00	Shipped	Amazon	Amazon.ae		Expedited	Toshiba Canvio Basics 2TB Portable External Hard Drive USB 3.2 Gen1, Black	HDTB520EK3AA	B0BMGTK46D	Shipped	1	AED	259.0		1.5					1.5	Dubai			AE	
407-8234886-3601106	407-8234886-3601106	2025-01-27T04:19:28+00:00	2025-01-27T10:34:46+00:00	Shipped	Amazon	Amazon.ae		NextDay	Western Digital 1TB WD Blue SN580 NVMe Internal Solid State Drive SSD - Gen4 x4 PCIe 16Gb/s, M.2 2280, Up to 4,150 MB/s - WDS100T3B0E	WDS100T3B0E	B0C8XMH264	Shipped	1	AED	219.8								Dubai			AE	
405-8212944-8237125	405-8212944-8237125	2025-01-27T04:50:57+00:00	2025-01-27T10:33:35+00:00	Shipped	Amazon	Amazon.ae		Expedited	SanDisk 256GB Extreme Pro microSD UHS I Card for 4K Video on Smartphones, Action Cams & Drones 200MB/s Read, 140MB/s Write, SDSQXCD 256G GN6MA, Red/Bl	SDSQXCD-256G-GN6MA	B09X7DMBVF	Shipped	1	AED	91.0		9.0						Dubai			AE	
406-9261956-5552336	406-9261956-5552336	2025-01-27T07:07:16+00:00	2025-01-27T10:32:57+00:00	Shipped	Amazon	Amazon.ae		Expedited	SanDisk 1TB Extreme Pro microSD UHS I Card for 4K Video on Smartphones, Action Cams & Drones 200MB/s Read, 140MB/s Write, SDSQXCD 1T00 GN6MA, Red/Blac	SDSQXCD-1T00-GN6MA	B09X7CFLDF	Shipped	1	AED	378.0		0.5					0.5	Abu Dhabi			AE	
408-8873228-8621939	408-8873228-8621939	2025-01-27T05:08:48+00:00	2025-01-27T10:21:23+00:00	Shipped	Amazon	Amazon.ae		NextDay	Kaspersky ANTI-VIRUS 2020 - 2 USERS - AUTHENTIC MIDDLE EAST VERSION - 1 YEAR	KAV2020(1+1)	B07YPVVL2Y	Shipped	1	AED	11.0								Sharjah			AE	
171-4609263-1861157	171-4609263-1861157	2025-01-27T07:53:30+00:00	2025-01-27T10:20:26+00:00	Shipped	Amazon	Amazon.ae		Expedited	Western Digital My Passport 2TB Red USB 3.2 Gen 1	WDBYVG0020BRD-WESN	B07VTW2LQ5	Shipped	1	AED	265.0		1.0					1.0	Dubai			AE	
408-4758174-6847533	408-4758174-6847533	2025-01-27T08:15:53+00:00	2025-01-27T10:07:27+00:00	Shipped	Amazon	Amazon.ae		Expedited	Western Digital 1TB WD Blue SN580 NVMe Internal Solid State Drive SSD - Gen4 x4 PCIe 16Gb/s, M.2 2280, Up to 4,150 MB/s - WDS100T3B0E	WDS100T3B0E	B0C8XMH264	Shipped	1	AED	219.8		0.75					0.75	Dubai			AE	
403-3118192-2656339	403-3118192-2656339	2025-01-27T06:08:44+00:00	2025-01-27T09:59:23+00:00	Shipped	Amazon	Amazon.ae		Expedited	"Western Digital 500GB WD Blue SA510 SATA Internal Solid State Drive SSD - SATA III 6 Gb/s, 2.5""/7mm, Up to 560 MB/s"	WDS500G3B0A-2	B01LWQ9LYV	Shipped	1	AED	149.0		1.0					1.0	Dubai			AE	
171-2508085-7315556	171-2508085-7315556	2025-01-27T05:50:18+00:00	2025-01-27T09:44:23+00:00	Shipped	Amazon	Amazon.ae		Expedited	Kingston XS1000 1TB SSD Pocket-Sized USB 3.2 Gen 2 External Solid State Drive Up to 1050MB/s read, 1000MB/s write	SXS1000/1000G	B0CCQB7BN7	Shipped	1	AED	289.0		3.0					3.0	Dubai			AE	
408-7714597-1469126	408-7714597-1469126	2025-01-27T05:16:56+00:00	2025-01-27T09:42:46+00:00	Shipped	Amazon	Amazon.ae		Standard	Seagate Expansion Portable, 2TB, External Hard Drive, 2.5 Inch, USB 3.0, for Mac and PC (STKM2000400)	STKM2000400	B08ZJG6TVT	Shipped	1	AED	243.0		10.0					10.0	Dubai			AE	
407-3049533-2002721	407-3049533-2002721	2025-01-27T01:40:58+00:00	2025-01-27T09:41:50+00:00	Cancelled	Amazon	Amazon.ae		Standard	Western Digital 500GB WD Blue SN580 NVMe Internal Solid State Drive SSD - Gen4 x4 PCIe 16Gb/s, M.2 2280, Up to 4,000 MB/s - WDS500G3B0E	WDS500G3B0E	B0C8WP6B8R	Cancelled	0										Ajman			AE	
408-6064390-2896314	408-6064390-2896314	2025-01-27T07:59:11+00:00	2025-01-27T09:41:45+00:00	Shipped	Amazon	Amazon.ae		Expedited	Seagate One Touch HDD with Password 2TB External Hard Drive for PC Laptop Mac and Chromebook- Light Blue (STKY2000402)	STKY2000402	B094QZXZ8D	Shipped	1	AED	279.0		3.0					3.0	Dubai			AE	
406-1391877-0130718	406-1391877-0130718	2025-01-27T06:27:02+00:00	2025-01-27T09:40:45+00:00	Shipped	Amazon	Amazon.ae		Standard	Seagate Expansion Portable, 2TB, External Hard Drive, 2.5 Inch, USB 3.0, for Mac and PC (STKM2000400)	STKM2000400	B08ZJG6TVT	Shipped	1	AED	243.0		10.0					10.0	Dubai			AE	
406-1273039-1681164	406-1273039-1681164	2025-01-27T07:35:00+00:00	2025-01-27T09:36:22+00:00	Shipped	Amazon	Amazon.ae		Expedited	SanDisk 1TB Portable SSD - Up to 550MB/s, USB-C, USB 3.2 Gen 2 - SDSSDE30-1T00-G25	SDSSDE30-1T00-G25	B08RSH8YDJ	Shipped	1	AED	265.99		3.0					3.0	Dubai			AE	
407-4458166-3997907	407-4458166-3997907	2025-01-27T04:29:24+00:00	2025-01-27T09:35:25+00:00	Shipped	Amazon	Amazon.ae		Standard	Western Digital My Passport 2TB Black USB 3.2 Gen 1	WDBYVG0020BBK-WESN	B07VTFN6HM	Shipped	1	AED	259.0		10.0					10.0	العين			AE	
408-1536609-4957926	408-1536609-4957926	2025-01-27T07:53:09+00:00	2025-01-27T09:34:22+00:00	Shipped	Amazon	Amazon.ae		Expedited	Seagate One Touch with password, 1TB, portable external hard drive, PC, Notebook & Mac, USB 3.0, Black (STKY1000400)	STKY1000400	B094R1T4GS	Shipped	1	AED	225.0		18.0						Dubai			AE	
406-6538891-7866725	406-6538891-7866725	2025-01-26T17:24:11+00:00	2025-01-27T09:32:25+00:00	Shipped	Amazon	Amazon.ae		Standard	Western Digital My Passport 2TB Black USB 3.2 Gen 1	WDBYVG0020BBK-WESN	B07VTFN6HM	Shipped	1	AED	259.0		5.0					5.0	Dubai			AE	PAWS-V2-25040697017-91
403-4792946-6119531	403-4792946-6119531	2025-01-27T02:39:07+00:00	2025-01-27T09:25:26+00:00	Shipped	Amazon	Amazon.ae		Expedited	"Lexar NS100 2TB 2.5"" SATA III Internal SSD, Up to 550MB/s Read (LNS100-2TRB)"	LNS100-2TRB-3	B0BJ7MTT8M	Shipped	1	AED	352.99		1.5					1.5	Al Ain			AE	
402-2196202-3345965	402-2196202-3345965	2025-01-27T05:50:32+00:00	2025-01-27T09:24:56+00:00	Shipped	Amazon	Amazon.ae		Expedited	SanDisk 1TB Extreme Pro microSD UHS I Card for 4K Video on Smartphones, Action Cams & Drones 200MB/s Read, 140MB/s Write, SDSQXCD 1T00 GN6MA, Red/Blac	SDSQXCD-1T00-GN6MA	B09X7CFLDF	Shipped	2	AED	756.0		1.2					1.2	Dubai			AE	
404-8021792-5382700	404-8021792-5382700	2025-01-27T06:14:35+00:00	2025-01-27T09:22:30+00:00	Shipped	Amazon	Amazon.ae		Expedited	Samsung 2TB 990 PRO with Heatsink PCIe Gen4 NVMe M.2 2280 Up to 7450 MB/s, 6900 MB/s	MZ-V9P2T0GW	B0BWNRPN59	Shipped	1	AED	675.0		0.75					0.75	Abu Dhabi			AE	
402-7189748-1464363	402-7189748-1464363	2025-01-27T06:06:06+00:00	2025-01-27T09:15:26+00:00	Shipped	Amazon	Amazon.ae		Expedited	Kingston NV3 NVMe PCIe 4.0 Internal SSD 1TB M.2 2280-SNV3S/1000G	SNV3S/1000G	B0DBR3DZWG	Shipped	4	AED	736.0		1.5					1.5	Dubai			AE	
408-6689684-0872325	408-6689684-0872325	2025-01-27T05:50:27+00:00	2025-01-27T09:13:55+00:00	Shipped	Amazon	Amazon.ae		Expedited	Seagate IronWolf, 4TB, NAS, Internal Hard Drive, CMR 3.5 Inch, SATA, 6GB/s, 5,400 RPM, 256MB Cache, for RAID Network Attached Storage (ST4000VN006)	ST4000VN006-1	B09RMRKC9P	Shipped	2	AED	798.0		3.0					3.0	Abu Dhabi			AE	
404-0589073-5865124	404-0589073-5865124	2025-01-27T06:32:12+00:00	2025-01-27T09:12:45+00:00	Shipped	Amazon	Amazon.ae		Expedited	Crucial BX500 SSD 500GB 3D NAND SATA Internal Solid State Drive 2.5 inch black/blue- CT500BX500SSD1	CT500BX500SSD1	B0B9BL9T4H	Shipped	1	AED	100.5		3.0					3.0	Dubai			AE	
407-4273596-6945910	407-4273596-6945910	2025-01-27T05:39:16+00:00	2025-01-27T09:12:33+00:00	Shipped	Amazon	Amazon.ae		Expedited	SanDisk 128GB Extreme PRO SDXC card + RescuePRO Deluxe, up to 200MB/s, UHS I, Class 10, U3, V30 SDSDXXD 128G GN4IN, Black	SDSDXXD-128G-GN4IN	B09X7FXHVJ	Shipped	1	AED	65.0		3.0						Abu Dhabi			AE	
407-4676806-7020332	407-4676806-7020332	2025-01-27T08:00:59+00:00	2025-01-27T09:05:00+00:00	Cancelled	Amazon	Amazon.ae		Expedited	SanDisk 1TB Extreme Portable SSD Up to 1050MB/s USB C, USB 3.2 Gen 2 External Solid State Drive SDSSDE61 1T00 G25, Blue, SanDisk Extreme Portable SSD,	SDSSDE61-1T00-G25	B08GTYFC37	Cancelled	0										أبوظبي			AE	
408-8871459-2717911	408-8871459-2717911	2025-01-27T06:19:49+00:00	2025-01-27T09:04:26+00:00	Shipped	Amazon	Amazon.ae		Expedited	SanDisk 128GB Extreme PRO SDXC card + RescuePRO Deluxe, up to 200MB/s, UHS I, Class 10, U3, V30 SDSDXXD 128G GN4IN, Black	SDSDXXD-128G-GN4IN	B09X7FXHVJ	Shipped	1	AED	65.0		1.0					1.0	Abu Dhabi			AE	
402-0273558-4868315	402-0273558-4868315	2025-01-27T06:31:50+00:00	2025-01-27T08:56:45+00:00	Shipped	Amazon	Amazon.ae		Expedited	NETGEAR AC2000 Dual Band Gigabit Smart Wi-Fi Router (R6850)	R6850-100PES-1	B0847JNGGB	Shipped	1	AED	99.0		3.0						دبي			AE	
402-5839047-0217118	402-5839047-0217118	2025-01-27T07:17:46+00:00	2025-01-27T08:47:48+00:00	Shipped	Amazon	Amazon.ae		Expedited	Toshiba Canvio Basics 2TB Portable External Hard Drive USB 3.2 Gen1, Black	HDTB520EK3AA	B0BMGTK46D	Shipped	1	AED	259.0		1.0					1.0	Dubai			AE	
407-6334707-7341912	407-6334707-7341912	2025-01-26T16:08:13+00:00	2025-01-27T08:37:50+00:00	Shipped	Amazon	Amazon.ae		Standard	Seagate Expansion Portable, 1TB, External Hard Drive, 2.5 Inch, USB 3.0, for Mac and PC (STKM1000400)	STKM1000400	B08ZJDWTJ1	Shipped	1	AED	185.0		3.33					3.33	Ajman			AE	PAWS-V2-25040697017-91
404-8765397-6577106	404-8765397-6577106	2025-01-27T02:36:50+00:00	2025-01-27T08:37:20+00:00	Shipped	Amazon	Amazon.ae		Expedited	"Lexar NQ100 240GB 2.5"" SATA III (6Gb/s) Solid-State Drive LNQ100X240G-RNNNG"	LNQ100X240G-RNNNG	B08L5JSXXP	Shipped	2	AED	114.98		0.3					0.3	Abu Dhabi			AE	
406-8090739-1883562	406-8090739-1883562	2024-09-24T05:58:43+00:00	2025-01-27T08:35:06+00:00	Cancelled	Amazon	Amazon.ae		Expedited	SanDisk 2TB Portable SSD - Up to 800MB/s, USB-C, USB 3.2 Gen 2 - SDSSDE30-2T00-G26	SDSSDE30-2T00-G26	B0C5JNWF58	Cancelled	0														
405-1167059-1688307	405-1167059-1688307	2024-10-01T06:29:02+00:00	2025-01-27T08:35:06+00:00	Cancelled	Amazon	Amazon.ae		Expedited	SanDisk 2TB Portable SSD - Up to 800MB/s, USB-C, USB 3.2 Gen 2 - SDSSDE30-2T00-G26	SDSSDE30-2T00-G26	B0C5JNWF58	Cancelled	0														
171-2137577-8759553	171-2137577-8759553	2024-10-07T07:51:56+00:00	2025-01-27T08:35:05+00:00	Shipped	Amazon	Amazon.ae		Expedited	SanDisk 2TB Portable SSD - Up to 800MB/s, USB-C, USB 3.2 Gen 2 - SDSSDE30-2T00-G26	SDSSDE30-2T00-G26	B0C5JNWF58	Shipped	1	AED	424.0		0.31					0.31					
406-3674036-9127535	406-3674036-9127535	2025-01-27T07:32:12+00:00	2025-01-27T08:26:20+00:00	Shipped	Amazon	Amazon.ae		Expedited	Netgear RBK852-100EUS Orbi Whole Home Tri-Band Mesh WiFi 6 System, 11AX AX6000 (Up to 6Gbps) - White	RBK852-100EUS	B07W8XFZ6X	Shipped	1	AED	1483.0		3.0					3.0	Dubai			AE	
402-2711550-3360308	402-2711550-3360308	2025-01-27T05:51:59+00:00	2025-01-27T08:25:47+00:00	Shipped	Amazon	Amazon.ae		Expedited	Netgear Orbi 970 Series Quad-Band WiFi 7 Mesh Add-on Satellite RBE970 - Works with Orbi RBE972S and RBE973S, Adds Coverage Up to 3,300 sq. ft., BE2700	RBE970-100EUS	B0CSZ68DC8	Shipped	1	AED	2900.0		3.0					3.0	Dubai			AE	
407-9782673-3273957	407-9782673-3273957	2025-01-26T10:39:49+00:00	2025-01-27T08:24:34+00:00	Shipped	Amazon	Amazon.ae		Standard	SanDisk 128GB Extreme PRO SDXC card + RescuePRO Deluxe, up to 200MB/s, UHS I, Class 10, U3, V30 SDSDXXD 128G GN4IN, Black	SDSDXXD-128G-GN4IN	B09X7FXHVJ	Shipped	1	AED	65.0		1.43					1.43	Abu Dhabi			AE	PAWS-V2-25040697017-91
171-2180094-4458706	171-2180094-4458706	2025-01-27T08:03:49+00:00	2025-01-27T08:14:04+00:00	Cancelled	Amazon	Amazon.ae		Standard	Sandisk 1Tb Extreme Pro Portable Ssd - Up To 2000Mb/S - Usb-C, Usb 3.2 Gen 2X2 - External Solid State Drive - Sdssde81-1T00-G25	SDSSDE81-1T00-G25	B08GV9M64L	Cancelled	0										Abu Dhabi			AE	
408-1212103-9463509	408-1212103-9463509	2025-01-27T07:03:50+00:00	2025-01-27T08:05:13+00:00	Cancelled	Amazon	Amazon.ae		Standard	Seagate Expansion Portable, 1TB, External Hard Drive, 2.5 Inch, USB 3.0, for Mac and PC (STKM1000400)	STKM1000400	B08ZJDWTJ1	Cancelled	0										Dubai			AE	PAWS-V2-25040697017-91
171-8424272-0845919	171-8424272-0845919	2025-01-27T07:47:32+00:00	2025-01-27T08:03:53+00:00	Cancelled	Amazon	Amazon.ae		Expedited	SanDisk 1TB Extreme Pro microSD UHS I Card for 4K Video on Smartphones, Action Cams & Drones 200MB/s Read, 140MB/s Write, SDSQXCD 1T00 GN6MA, Red/Blac	SDSQXCD-1T00-GN6MA	B09X7CFLDF	Cancelled	0										Dubai			AE	
407-9133948-6102768	407-9133948-6102768	2025-01-27T06:20:06+00:00	2025-01-27T08:02:22+00:00	Shipped	Amazon	Amazon.ae		Expedited	SanDisk 1TB Portable SSD - Up to 550MB/s, USB-C, USB 3.2 Gen 2 - SDSSDE30-1T00-G25	SDSSDE30-1T00-G25	B08RSH8YDJ	Shipped	1	AED	265.99		3.0					3.0	Abu Dhabi			AE	
408-1359323-8253154	408-1359323-8253154	2025-01-26T17:21:20+00:00	2025-01-27T07:39:45+00:00	Shipped	Amazon	Amazon.ae		Standard	Seagate One Touch with password, 5TB, portable external hard drive, PC, Notebook & Mac, USB 3.0, Black (STKZ5000400)	STKZ5000400	B094R15DYV	Shipped	1	AED	485.0		10.0					10.0	Dubai			AE	
403-9318365-1929949	403-9318365-1929949	2025-01-27T05:49:38+00:00	2025-01-27T06:51:00+00:00	Cancelled	Amazon	Amazon.ae		Expedited	WD My Passport 2T Slim 2.5in USB 3.0 Black - WDBYVG0020BBK	WDBYVG0020BBK-WESN-2	B01DZZ84ZE	Cancelled	0										Sharjah			AE	
406-9089527-6387527	406-9089527-6387527	2025-01-27T05:05:37+00:00	2025-01-27T06:50:43+00:00	Shipped	Amazon	Amazon.ae		Expedited	Kingston XS1000 2TB External SSD USB 3.2 Gen 2 Portable Solid State Drive Red -SXS1000R/2000G	SXS1000R/2000G	B0D9HL9WKZ	Shipped	1	AED	442.29		3.0					3.0	Dubai			AE	
404-0617530-7905920	404-0617530-7905920	2025-01-27T03:08:42+00:00	2025-01-27T06:31:52+00:00	Shipped	Amazon	Amazon.ae		Expedited	Lexar SL500 External SSD 1TB, USB3.2 Gen2x2 Portable SSD, PSSD up to 2000MB/s Read, 1800MB/s Write, External Solid State Drive with Metal Design, Data	LSL500X001T-RNBNG	B0CSYSSP3W	Shipped	1	AED	311.5		0.75					0.75	Dubai			AE	
407-3949585-0981134	407-3949585-0981134	2025-01-27T03:27:22+00:00	2025-01-27T06:23:42+00:00	Shipped	Amazon	Amazon.ae		Standard	SanDisk 1TB Extreme Pro microSD UHS I Card for 4K Video on Smartphones, Action Cams & Drones 200MB/s Read, 140MB/s Write, SDSQXCD 1T00 GN6MA, Red/Blac	SDSQXCD-1T00-GN6MA	B09X7CFLDF	Shipped	1	AED	378.0		10.0					10.0	Dubai			AE	PAWS-V2-25040697017-91
408-5374568-2738768	408-5374568-2738768	2025-01-26T22:21:09+00:00	2025-01-27T06:05:27+00:00	Shipped	Amazon	Amazon.ae		Expedited	Crucial BX500 SSD 500GB 3D NAND SATA Internal Solid State Drive 2.5 inch black/blue- CT500BX500SSD1	CT500BX500SSD1	B0B9BL9T4H	Shipped	1	AED	100.5		1.5					1.5	Dubai			AE	
171-6264909-8821130	171-6264909-8821130	2025-01-27T02:56:45+00:00	2025-01-27T05:45:50+00:00	Shipped	Amazon	Amazon.ae		Expedited	Western Digital My Passport 2TB Black USB 3.2 Gen 1	WDBYVG0020BBK-WESN	B07VTFN6HM	Shipped	1	AED	259.0		3.0					3.0	Abu Dhabi			AE	
404-7700620-6704333	404-7700620-6704333	2025-01-27T04:41:26+00:00	2025-01-27T05:45:20+00:00	Shipped	Amazon	Amazon.ae		Expedited	Seagate Expansion Card Xbox Series X|S 1 TB SSD, NVMe-Expansion-SDD for Xbox Series X|S, Modellnr.: STJR1000400	STJR1000400	B08K48F6QZ	Shipped	1	AED	597.0		3.0					3.0	Sharjah			AE	
